ID_MERCH,LON,LAT
4286,37.442010100000005,55.8503158
4287,37.51762893,55.63135239999999
4288,37.51897406,55.66804857
4289,37.56761656596446,55.546454262155756
4290,30.352595381933263,59.85357269604958
4291,37.62782293177073,55.74104274648071
4292,73.28486572345507,54.972959772869956
4293,37.58272849310429,55.77659634310258
4294,30.3669674,60.0334125
4295,37.86755803193688,55.76036052070711
4296,37.60502940465123,55.612099323121214
4297,60.69822051437766,56.754494828168774
4298,37.646096068959956,55.76876597647542
4299,37.62385111,55.75034704
4300,37.764859200000004,55.45800332
4301,37.72351092386703,55.6933003876392
4302,37.43321858,55.8517833
4303,37.75528405,55.91357925
4304,37.38227205,55.76601648
4305,41.31964431826219,56.38806843707481
4306,37.63559617,55.88832274
4307,37.65805792184074,55.85733439732496
4308,37.70332664,55.78861886
4309,37.60024269,55.59323225
4310,37.624343360327686,55.7942369504603
4311,37.75953569,55.74506271
4312,30.286793041153718,59.92465661905402
4313,37.62176059181679,55.76195348294417
4314,82.92233404,55.04372104
4315,30.3216163,59.930986700000005
4316,30.299328572544802,60.00069488874436
4317,30.31819772,59.89108475
4318,36.19295778,51.73766535
4319,37.86724185588978,55.66846251093321
4320,37.544909000000004,55.73368149999999
4321,61.41706505951693,55.1605828179379
4322,49.151228222839016,55.798107213336785
4323,37.57918496,55.57060373
4324,37.886323100000006,55.655392840000005
4325,30.320454095233547,59.925249528756886
4326,30.31277942,59.86510763
4327,39.732580595159654,43.60625815295085
4328,37.66401988,55.67855685
4329,37.65665788,55.74155596
4330,37.63241641,55.75957495
4331,37.65505674607641,55.74226860458377
4332,37.62357065865186,55.75034704000001
4333,60.557302459999995,56.854097409999994
4334,37.604524617535915,55.86459803568211
4335,30.39953336,60.003476979999995
4336,37.56647313673675,55.744394997486914
4337,30.355097331839467,59.986755823465245
4338,49.10986365114597,55.79249856597478
4339,37.80351718584206,55.752220611546214
4340,37.61993509,55.69742421
4342,30.203115242170302,59.98596575920899
4343,37.53250111893096,55.607163022038435
4344,30.37935992702243,59.87063505427744
4345,38.91747884,45.03174404
4346,40.52844694,64.53221992
4347,30.32162044608278,60.03726160822644
4348,30.32869153,59.95655208
4349,84.97103579,56.46602626
4350,37.74098056788223,55.63622631999143
4351,37.839434499999996,55.7578339
4352,37.54514979177418,55.90698618193196
4353,37.6785095,55.74745785
4354,30.506433504964168,59.833637151170564
4355,36.97741346264449,55.504887046252996
4356,48.35966275793894,54.30670216746656
4357,37.56791234277683,55.743359469825556
4358,30.26812423,59.79773576
4359,37.65969373379825,55.75888943864391
4361,37.56842284,55.72603478
4362,30.44395242,60.04886156
4363,30.35448081868074,59.93180008048644
4364,37.687754401641804,55.74287503563932
4365,37.635272688493444,55.82392182967925
4366,30.210946795790775,59.85422320620867
4367,39.719622518045846,43.583043032193196
4368,65.52051902,57.12121605
4369,30.33203926,60.05220953
4370,37.65928388815369,55.77655233008691
4371,49.21505018990325,55.780419483122394
4372,30.4410308536974,59.87786514015829
4373,50.20000499,53.23365591
4374,37.70932507,55.75291093
4375,30.40300045,60.01065471
4376,34.31670416,53.27536991
4377,37.49852791,55.81855942
4378,37.48642344,55.83979798
4379,37.6296011,55.70916507
4380,37.45748341746759,55.783459482824654
4381,37.59994911058231,55.781376543671364
4382,39.71145478092627,47.281920140247614
4383,37.6307582,55.743996499999994
4384,37.63240776,55.769472150000006
4385,30.32107674,59.92573645
4386,37.84211697933971,55.91999381583121
4387,37.53211591681283,55.79055238873852
4388,37.67914049,55.723444060000006
4389,37.623645884164,55.75034704000001
4390,30.27293285508358,60.00253704144151
4391,30.4835599,59.930012600000005
4392,41.45599116,52.72410284
4393,49.1175877690668,55.789135414520125
4394,37.60257281,55.76749343000001
4395,37.555496200000015,55.66929670999999
4396,37.54067843254779,55.74864704585634
4397,37.526228700000004,55.756538
4398,37.35032413,55.85720498
4399,37.59089213,55.80055243
4400,37.539155858880974,55.745943957125455
4401,37.44287538145974,55.8509699494814
4402,37.53422158084084,55.781365959479416
4403,30.356225779589227,59.920955518445474
4404,60.65539487,56.839172919999996
4405,37.62354459467029,55.75034704
4406,37.58619893,55.7761642
4407,37.60917536092977,55.76605562345839
4408,37.6500146,55.7323375
4409,37.63791896,55.80844695
4410,37.35386658,55.63883972
4411,37.64051787155259,55.728283985833635
4412,37.71497715,55.61940603
4413,37.53871276572166,55.75033342556681
4414,30.298060467599313,59.91562004066492
4415,61.46590043,55.12019525
4416,30.296365457306003,60.00312694910519
4417,37.66664666,55.84540443
4418,37.48183707291455,55.663359483249366
4419,33.3754389,67.5665897
4420,37.85689384,55.685442419999994
4421,37.5425557,55.77471615999999
4422,37.56562814078146,55.74430410186558
4423,30.31798719691832,59.91637890952625
4424,37.38789769,55.81702346000001
4425,47.89755878789764,56.63510521092434
4426,37.543151830000006,55.74888238
4427,37.50064134188951,55.619331683712275
4428,37.63418445704972,55.7560787703138
4429,37.47908129,55.77641059
4430,43.92783925,56.28632033
4431,37.58196674,55.72832031
4432,37.49828484,55.82176805
4433,37.54457373,55.68923882
4434,37.38975612482341,55.798864948049086
4435,37.62385111,55.75034704
4436,131.89416725,43.11820057
4437,37.63435426481536,55.71910647578608
4438,37.58779709713746,55.74000062093446
4439,30.333975199999998,60.052994999999996
4440,40.65326102,55.60290560999999
4441,45.97273663,51.5664994
4442,37.38771914036307,55.82082326635372
4443,37.64975622,55.73519429
4444,37.6102059109842,55.756685986576386
4445,37.43943462226211,55.861370997437206
4446,37.528274700000004,55.79233779
4447,52.3967184,55.7322946
4448,37.62892552,55.74147064999999
4449,30.360838129004666,59.927822056843425
4450,37.48404969,55.6801181
4451,45.01169041,53.200664960000005
4452,37.62111325,55.70917546
4453,30.33473287,60.05432505999999
4454,20.5065618,54.72470210000001
4455,60.5909912,56.84281609999999
4456,30.28835899,59.95329135
4457,37.49724727145,55.82358580355101
4458,37.51027256,55.69928594
4459,37.65954964,55.73844434
4460,37.68144369889131,55.74763602050046
4461,37.623544881350114,55.75034704000001
4462,37.60318,55.64713194
4463,82.89847602388045,55.05839533981371
4464,37.60350037,55.76278135719297
4465,83.08683291,54.8717476
4466,37.55266864,55.66981634
4467,73.4594195920125,61.258474501474794
4468,30.516362346414923,59.893908649076145
4469,37.497135491791056,55.938683909906985
4470,37.46818207,55.79023283
4471,37.1613656,55.9726691
4472,37.54430695780622,55.772919556192456
4473,37.62385111,55.75034704
4474,30.342743417772084,59.91574990101592
4475,39.84880052429664,47.289361102973096
4476,37.62385111,55.75034704
4477,37.66532234,55.67775607
4478,104.31899102903995,52.272813526224446
4479,37.100546336259995,55.642968887812046
4480,30.318052208715795,59.91637506457574
4481,30.31108549452848,59.9640784435748
4482,92.90540466435444,56.04884065399916
4483,37.56644014407879,55.74401481045683
4484,60.59912481179866,56.830453670076885
4485,30.334870064345765,60.06859002719914
4486,30.359475666457232,59.93298211276745
4487,37.54060423609518,55.74878231194166
4488,37.28265615459507,55.67002273185899
4489,30.27371830410608,59.90134993600162
4490,37.69519083,55.63664077
4491,30.214367792423637,60.000633153012394
4492,37.708631178898855,55.78980026960668
4493,37.58222356,55.7496234
4494,37.75800683,55.64041012
4495,37.66140137,55.73445343807283
4496,37.62385111147536,55.750347041475365
4497,38.40298755847064,55.83146876480558
4498,30.379810025812812,59.870477999426875
4499,65.57445305494936,57.10591882304581
4500,37.70178035,55.70605597
4501,37.73788355,55.81505758
4502,60.51095494146392,56.824922713337756
4503,37.60047868,55.77926358
4504,43.95802904784732,56.34061290238393
4505,37.720938700000005,55.77057425999999
4506,30.22185177985283,60.00641286209319
4507,37.64369705170075,55.724734713911914
4508,37.64447596,55.75871091999999
4509,37.66520407,55.875987009999996
4510,37.73015845677974,55.76784890371569
4511,48.3971218,58.3194728
4512,37.46416439598623,55.80857007213338
4513,39.88191437,57.62292102
4514,37.631351843456336,55.7809865527638
4515,30.336367164553923,59.923452815835745
4516,37.758464359698046,55.637922739555066
4517,30.32994244182948,59.93579598658848
4518,37.65712492,55.70934301
4519,37.60811392,55.76600828
4520,37.5898044,55.80586039999999
4521,37.65365,55.7304045
4522,37.44206821,55.850017799999996
4523,37.70299311965484,55.747536950639294
4524,37.56705930980075,55.744201709644706
4525,37.45180735,54.933995460000006
4526,37.65444908,55.85544455
4527,92.87888721055585,56.01283540332168
4528,30.266684889999997,59.85139403
4529,30.312702799872767,59.93397585413691
4530,37.6145658,55.89879620000001
4531,37.55889331950426,55.66830629074871
4532,30.465802207635253,59.91850021823189
4533,30.283781427607234,59.901898457542615
4534,30.354758909999997,59.94210708
4535,65.56759467,57.15212609
4536,37.84470163721697,55.930188909034065
4537,73.4053485,61.244118799999995
4538,30.34416076940494,59.92659321657914
4540,37.60625297,55.73450156
4541,37.4859756611671,55.833629784719164
4542,37.54965464,55.66544082
4543,37.88217619,55.66349998
4544,30.317768472710924,59.94248777201748
4545,30.31309649,59.95554625
4546,30.44202017865843,59.876469916371235
4547,60.708968961090974,56.755656519576256
4548,36.17584940382874,51.72607671085429
4549,47.50361312,55.51049872
4550,37.30591634883515,55.829613833204306
4551,30.315255,59.93611273
4552,29.97983651,60.09687883
4553,37.509981942864,55.70472500882396
4554,82.90869802,55.04013097
4555,30.398295800000003,60.01267863
4556,37.41712111,55.7192897
4557,37.62620643,55.73483072
4558,30.397926645278893,60.01281731280581
4559,39.81580241888917,54.591235918246454
4560,37.6103442833431,55.739821613191005
4561,38.97599702336291,45.03947452477835
4562,56.03612230925943,54.75961378321794
4563,20.502461317856664,54.69725540542317
4564,37.72029798,55.89852173
4565,37.55320627521132,55.66095705567865
4566,30.293055494263985,59.952384527196905
4567,82.93168464216464,55.03373634899391
4568,37.3391410545581,55.81883263426808
4569,37.54060364,55.74732971
4570,37.85815223826749,55.75308685864423
4571,37.594504060000006,55.65322308
4572,37.88705617072883,55.68148739629769
4573,49.12560106515306,55.79174713518307
4574,37.84999989,55.63333304
4575,37.55558856,55.70175166
4576,37.414310240000006,55.78540146
4577,37.34101787,55.59433368
4578,30.264771156022967,59.879338170366815
4579,37.73186133,55.61197360999999
4580,37.563304196934524,55.67902184093499
4581,37.4069057770091,55.96343768393233
4582,37.27373312582436,55.42755746530011
4583,30.27591571,59.90123210000001
4584,35.95378708,55.44037513
4585,37.44462457,55.850645549999996
4586,37.60270726509833,55.79235085275315
4587,37.53929548,55.7491743
4588,40.37957037,56.13297956
4589,37.55444731233957,55.696755239960176
4590,37.66085286,55.74292408
4591,49.09329001,55.82125405
4592,37.41145454235391,55.89400634455712
4593,37.8087928,55.8290624
4594,37.61930879,55.75625685
4595,37.482623901437066,55.66391562338911
4596,30.389103487062492,59.857973358081466
4597,65.28806202,55.46755608
4598,37.65065711,55.76741798
4599,50.303402522380374,53.32642133580788
4600,37.60174906773437,55.779802336341945
4601,37.57569909,55.782292010000006
4602,65.56135633,57.13370399
4603,39.87910366311316,59.200881665610666
4604,40.53466129,64.54038915
4605,85.03761576403936,56.495166615868996
4606,37.629100030073374,55.73501507693209
4607,60.57801394390032,56.84493283702331
4608,37.60252587,55.79181506999999
4609,37.408294500807045,55.75923235977191
4610,30.321629726862696,60.016894051708654
4611,30.32742535,60.008723010000004
4612,30.35444811,59.92227299
4613,37.67015809665689,55.62044187388018
4614,37.6140463,55.76177868
4615,37.62385111,55.75034704
4616,37.54158206,55.65609807
4617,37.4527375061114,55.899087268629714
4618,45.9784958,51.6109857
4619,37.40833662,55.75674851
4620,37.7031151076708,55.581287665786576
4621,37.60678723,55.71337753
4622,37.60704003000001,55.61253913
4623,34.3160721,53.275031799999994
4624,61.40155256,55.138093250000004
4625,37.4814970243898,55.66298636067762
4626,37.62531426,55.71267057
4627,30.320589691004358,59.95428507259777
4628,30.3473359,59.83220392
4629,37.61330445,55.790923910000004
4630,37.74204265,55.64216438
4631,30.43225531,60.05149601
4632,37.74024199521842,55.709276888206
4633,38.8518370807457,58.048412831455046
4634,37.4903772877221,55.94185101980095
4635,30.314051899999995,59.910583100000004
4636,37.63804836007465,55.80927936281046
4637,37.857901260523285,55.68715582383399
4638,30.224329923188513,60.02152867647471
4639,37.6801547,55.74732613
4640,37.68428296,55.710814830000004
4641,37.603863374410984,55.70762363318331
4642,37.61046106498387,55.74893239376089
4643,37.74274496238605,55.614338003161365
4644,37.443368400000004,55.852285390000006
4645,60.59889045,56.82478243
4646,37.60340567669366,55.75197640971396
4647,37.59058712392973,55.765738767063915
4648,37.62823686,55.66316706
4649,37.38023266585729,55.766832686049206
4650,37.62356175417671,55.75034704
4651,30.31811105,59.92638954
4652,37.60817734119194,55.62270654001409
4653,37.6365165,55.76344375
4654,30.262667620205765,60.00811611658457
4655,37.59217557,55.76841629
4656,37.85482772511398,55.699966540767555
4657,50.202681919999996,53.25457343
4658,37.5991611,55.63757891
4659,37.757244348631,55.63815446781038
4660,37.64153894,55.73653904
4661,65.53266315,57.15455849999999
4662,37.1780715,55.9840456
4663,20.50346728806082,54.71682245003496
4664,37.61105678627673,55.76459044329369
4665,43.86600494,56.25604056
4666,37.46457115,55.80946906999999
4667,37.64517233,55.76064947
4668,30.45869625756938,59.879945022347535
4669,37.62806486,55.77694808
4670,60.56503292000001,56.84836694
4671,37.54091587,55.7981841
4672,30.360300531642196,59.92767606376349
4673,37.60581063385312,55.711752190597934
4674,30.48633544795155,59.90073546317747
4675,37.66288025744332,55.74936708047318
4676,37.66231662698515,55.734422302330444
4677,40.21338042,43.68284848
4678,30.3068261,60.0169267
4679,30.47080899753297,59.86681691443327
4680,37.5870907272085,55.77911276703724
4681,30.357595010000004,59.98548507
4682,82.93594190000002,54.96374874000001
4683,30.25906306,60.00617003
4684,37.491543291587114,55.60380214258748
4685,82.89920665555616,54.99149947740281
4686,44.50575010793503,48.71567864180402
4687,37.50589393,55.67554399000001
4688,37.61767097,55.75576802
4689,37.477315999999995,55.85575694
4690,37.60275698101803,55.8637905260091
4691,86.07865802584267,55.35347079173842
4692,37.3620199,55.84658305
4693,39.02705558677246,54.9653253803132
4694,37.60196958408271,55.88531188288779
4695,60.65759294,56.82179202999999
4696,37.85079033237638,55.92274653345573
4697,82.9336828,55.02688636
4698,37.60234809999999,55.863948300000004
4699,37.71570798500516,55.75635385107221
4700,37.57846814,55.728364299999996
4701,37.3936158,55.910279599999996
4702,37.59816259,55.73256279
4703,37.59262819,55.76696701
4704,37.65997913,55.72070545999999
4705,37.6579341923853,55.741224210371925
4706,37.6564505,55.763811600000004
4707,37.55271792,55.43372800000001
4708,60.61291500270583,56.88866083461949
4709,37.65430880118315,55.709248423356335
4710,37.609878602933044,55.60994382442605
4711,37.58030692742976,55.72673288992828
4712,37.582811299999996,55.74887596
4713,38.77217822,55.88431321
4714,37.47393306,55.60087286
4715,55.96807169,54.74125698
4716,30.238409479903428,59.865129845140316
4717,30.35587677173301,59.955646857499026
4718,30.272745173290733,60.00098174983415
4719,37.43306138852169,55.858358933242876
4720,37.8125257992725,55.79583274216874
4721,39.6807447362818,54.63641334206691
4722,20.505615434330753,54.721216209991546
4723,52.453991511737016,55.743868156377346
4724,37.454024700000005,55.67011112
4725,37.89640009,55.69211494
4726,38.983563166761925,45.10186726030602
4727,37.82866556496076,55.706929233021356
4728,60.5993770268525,56.82813675271743
4729,37.62566296263656,55.727155959421886
4730,39.20066301888887,51.78750776717258
4731,37.62742021903912,55.7573378829825
4732,37.34610056,55.81928424
4733,37.53919079987641,55.757823778658334
4734,30.31282774,59.97578186
4735,30.2963788,59.9236358
4736,37.53980644,55.77869037
4737,30.35756638,59.97889069
4738,37.6012071978348,55.86144845511848
4739,30.28294042,59.91517456999999
4740,73.428213,55.04147171
4741,37.63559315,55.80689402
4742,30.2661584,60.007492000000006
4743,60.61061574467611,56.81623647542739
4744,37.57883084271526,55.79745851405442
4745,37.54745442,55.87139332
4746,37.68444467185033,55.76308945019367
4747,37.63538092,55.73058489999999
4748,37.54078377,55.74825872
4749,37.59509783,55.62704176
4750,37.58827429,55.88931375
4751,37.6109755,55.75925726
4752,30.298290159243663,59.96053841354479
4753,37.657743401245504,55.75627196699865
4754,36.14079606,53.00140691
4755,50.09461455288665,53.18936289248569
4756,39.5660629921877,52.591890648695404
4757,37.77113827889429,55.80595648623451
4758,30.34412988,59.9084192
4759,37.49588632,55.82523785
4760,30.28500605,59.94045863
4761,30.34102706102336,59.93429689183592
4762,37.5744465,55.83825572
4763,37.39795961246635,55.8590821043813
4764,30.317209132031987,59.82035457112355
4765,37.60485526512888,55.86446788799937
4766,37.58937322156903,55.61125546621838
4767,37.67249096,55.37953847
4768,29.86607283,60.16720094
4769,37.66590305829647,55.8451103420042
4770,30.31749398,59.96040588
4771,30.22149939,59.75957794999999
4772,37.6065577888778,55.74553873301401
4773,30.259390274444524,60.00791342916682
4774,37.54047506872574,55.748566051303435
4775,37.64939173810512,55.7720639467582
4776,73.2879807,54.971106799999994
4777,48.39448068,54.32115581
4778,37.48740915,55.64183931
4779,37.52868332,55.64068771
4780,37.61285837588442,55.711690046439045
4781,37.62087923,55.75534408
4782,37.65373548,55.70880367
4783,20.49228763,54.70542512
4784,37.60497138,55.76547807
4785,30.31712819,59.86630622
4786,37.405707899999996,55.88922110000001
4787,30.350781059805477,59.928594514193975
4788,37.65745405,55.708483400000006
4789,37.55525035,55.76288595
4790,37.38171873921255,55.76552130144388
4791,37.61622870642315,55.73644680608434
4792,30.35048816,59.86760407
4793,60.59494386987947,56.83636441097027
4794,37.50798304,55.793611559999995
4795,30.33589628,60.048128209999994
4796,37.60060067550394,55.7771961507975
4797,37.48060958220866,55.65660790573579
4798,37.678676335386534,55.787152619377636
4799,37.63894494087436,55.75823915555572
4800,30.355113879999998,59.87774509
4801,38.24456338536819,55.57256629152536
4802,36.044028999999995,55.50269086
4804,30.336699930000005,60.05659994999999
4805,55.97006522,54.732732240000004
4806,37.6042817,55.820953700000004
4807,37.65209779,55.73986126
4808,37.52113793,55.68430496
4809,37.70529959691178,55.76025248824502
4810,37.58736391,55.70818068
4811,37.65071040619956,55.77463244235949
4812,37.61060965147199,55.737930282795915
4813,37.41100509,55.73859100000001
4814,38.19544695,56.517862169999994
4815,37.47731566,55.85575694
4816,37.59968508,55.74828476
4817,37.62356359525662,55.75034704
4818,37.52090693,55.69103814
4819,37.77108561,55.438941449999994
4820,37.5955652,55.63429250000001
4821,37.59977292,55.74184605
4822,37.72027448,55.60891337
4823,30.321122999999993,59.875004950000005
4824,49.11895671,55.77115673
4825,37.60563791,55.787078529999995
4826,82.9746681667288,54.991720705020775
4827,37.62385111,55.75034704
4828,37.663170764072504,55.70966984199459
4829,37.67630799472347,55.70938914037466
4830,30.297626519999998,59.92878426
4831,73.28330528,54.97605486
4832,30.36103196029161,59.92646007492172
4833,37.611000792913366,55.73038248623706
4834,30.3292158237883,60.071479264725895
4835,38.039399342672475,55.96352474835875
4836,30.25065433,59.93043732
4837,30.30139837,59.9323196
4838,45.98219007,51.56956708
4839,30.33808026,59.92829857
4840,44.04317180329853,56.29543572767934
4841,86.16693355,55.3457821
4842,49.09913116942946,55.791925873927106
4843,30.340731959999996,59.80669759
4844,37.56449773,55.74497930999999
4845,43.12490188,44.20565691
4846,37.85045342698092,55.92915828483313
4847,30.403982217940356,59.73579953212721
4848,37.612736661889386,55.79657378259274
4849,37.47642714464442,55.854159227018584
4850,49.2728525,53.50115912
4851,50.17404092,53.13996006
4852,30.324231113821895,60.03797872963968
4853,39.6858231,47.27696139
4854,30.360454920000002,59.93142224
4855,36.58213813,50.57644997
4856,30.21093231,59.98790442
4857,37.40910307,55.75537691
4858,30.347710435058264,59.832763193370376
4859,37.63173915,55.76017994
4860,37.38668130062078,44.78783055851327
4861,37.62962873,55.73639159
4862,37.55450245194852,55.54855371869614
4863,37.49182474,55.79500612
4864,37.66808309,55.75227224
4865,37.64086235,55.73222808
4866,37.506962346415314,55.66864171241629
4867,46.027269943860524,51.53150060956289
4868,37.6162071303045,55.72857091487115
4869,37.51128406,55.62820727
4870,43.8649961,56.24300899000001
4871,37.56771442,55.74419834
4872,37.757860001779406,55.659182449060744
4873,39.73219715,43.605901100000004
4874,30.38075724043158,59.826490686013486
4875,37.75270376,55.70040269
4876,37.581079135813106,55.67510254093003
4877,37.67699090603383,55.77129641351748
4878,37.96608284866232,59.12464136934322
4879,37.38920309,55.798697090000005
4880,30.20958509,59.98139091
4881,38.17695618,55.808181760000004
4882,37.66739447478405,55.758000225015216
4883,30.2990831,60.002888299999995
4884,37.7987925,55.80964165
4885,37.6451430870439,55.73249588646904
4886,60.6224597671031,56.82425486836263
4887,37.580970853461096,55.80823576000721
4888,37.41353039,55.71798253
4889,30.355195430250333,59.98771251226015
4890,37.60600485314737,55.82300770085095
4891,30.1531262,60.07238558
4892,37.60472126,55.784062539999994
4893,37.60221507,55.78022086
4894,37.73803577,55.81589398
4895,60.69884297597192,56.75443482173223
4896,38.04635905,55.94487315
4897,37.6288367,55.7802968
4898,37.84192376,55.64984657
4900,30.147520019791674,59.99421610961675
4901,30.30902363972347,60.01784538415849
4902,37.44091047278989,55.63432039828016
4903,30.32010242,59.93140796
4904,39.92368909999999,43.43607345000001
4905,49.6830004237702,58.601982462791476
4906,30.47638303325075,59.915795629850024
4907,37.62385111,55.75034704
4908,30.492115509999998,59.93195390999999
4909,37.5411926758164,55.88388442477275
4910,39.71420783460548,54.61112830855968
4911,37.611013911608325,55.856866196691705
4912,37.72875197,55.69179991
4913,30.35495553066256,59.92081219114322
4914,37.68153293783097,55.853895202512554
4915,30.409676070281886,59.9666469922843
4916,49.13453457628589,55.82763648653757
4917,37.561768927022186,55.68062751699568
4918,37.61580113,55.73911912
4919,37.66051289,55.88652399
4920,37.62385111,55.75034704
4921,37.39673506,55.91379768
4923,37.6501108072782,55.760943257016095
4924,37.52847108000001,55.69161237
4925,37.55747976504368,55.7453000753765
4926,37.623851074215175,55.750347026987335
4927,50.27401261010186,53.27735668018436
4928,37.59171858,55.735943500000005
4929,30.397924,60.012361299999995
4930,20.508573800000004,54.71190619
4931,56.23340142400814,57.99004153516516
4932,37.547715999999994,55.6753
4933,37.847167299999995,55.657805599999996
4934,37.81653390713907,55.75106671532191
4935,37.50846439094654,55.78703632715671
4936,30.360600878878557,59.92867709955446
4937,49.38721261,53.5424402
4938,37.630878499999994,55.81458569
4939,37.61596005,55.76595679
4940,44.67530261867128,43.01813080069073
4941,86.06667761,55.35825484000001
4942,30.339176000000002,59.9247567
4943,39.14378661,51.71529482
4944,83.09751740060013,54.83509956194923
4945,37.54142015472586,55.915518275301714
4946,55.09208314504614,51.770687445555815
4947,39.69587266,47.29189178
4948,30.30148622,60.00322571
4949,37.53546889524132,55.8686419258218
4950,37.5055504,55.6501035
4951,37.63824194488264,55.80773036330981
4952,37.14232855,56.72827544
4953,37.65873309515887,55.75479581627936
4954,55.93052070000001,54.67490240000001
4955,60.592094989413326,56.8136298000079
4956,37.85286297716707,55.68166052875933
4957,37.62357914425868,55.75034704000001
4958,37.72699179999999,55.80162626
4959,39.86290821,47.30064531
4960,37.54569154,55.74182208
4961,37.60627245105077,55.622715149875525
4962,37.565574,55.74507616
4963,37.58069403,55.74565924000001
4964,37.6235850256579,55.75034704
4965,37.638781350568294,55.705395299556315
4966,37.56194605496198,55.69746237291377
4967,37.6489284819389,55.76124345356037
4968,37.39730359903264,55.911467657966234
4969,36.73963762035605,55.38749662499375
4970,37.60237299,55.76664297
4971,35.94850148335147,56.84358157141362
4972,37.65724093,55.741518969999994
4973,30.361562909826212,59.9244895200945
4974,30.24710989428442,59.843201405732096
4975,52.44782070000001,55.75996522999999
4976,61.3674537,55.170519999999996
4977,82.91369015485276,55.05714949713723
4978,37.50214953163898,55.74252049505664
4979,37.565135354494785,55.88040248491907
4980,37.5988479,55.74556771
4981,37.52324814999999,55.78857687
4982,37.61979509691473,55.81900837123679
4983,37.57179655,55.79961118
4984,37.53040899,55.79046393
4985,39.00447214544471,55.813895743399364
4986,37.63611993554086,55.731223838999675
4987,37.53803397260088,55.74722875364699
4988,37.55724750144806,55.75457802409042
4989,60.64562827,56.83342806
4990,37.53182459,55.80166667
4991,30.340092799999997,59.919792400000006
4992,37.62669181208098,55.74109351576879
4993,41.92439276018588,45.0630945849439
4994,30.237895399999996,59.91281986
4995,37.50825729,55.78617402
4996,30.32093393503468,59.849519279961896
4997,37.35963006,55.847455669999995
4998,30.3562937,59.9705276
4999,37.59311211808922,55.73419069384008
5000,37.62775708000001,55.73986108
5001,37.534691200000005,55.7499762
5002,37.59836024728689,55.78145258929178
5003,37.53651210301219,55.79951959451685
5004,31.26569677,58.52879508000001
5005,30.32072805,59.80772193
5006,37.659593784721686,55.887351478853596
5007,37.60431591,55.73742998
5008,30.48454531576339,59.841693528480754
5009,30.323913837012977,59.93558209314459
5010,37.491175303203825,55.840731071163106
5011,37.56645419,55.73857873
5012,37.57871020979047,55.79820970215564
5013,44.43423115358296,48.637551099122085
5014,37.395815518989906,55.91168971231746
5015,37.71602701,55.60734397
5016,30.309275804508456,59.91828646964921
5017,37.48401549,55.66410695
5018,37.59737737,55.75269073
5019,37.58497135069351,55.75802780494358
5020,37.586452950214216,55.91282671514471
5021,104.28641557782136,52.28318476543347
5022,55.930053599999994,54.67268879999999
5023,37.645814890536585,55.757612495015294
5024,37.49872506,55.82157292
5025,37.58979309,55.74916335
5026,37.62385111,55.75034704
5027,60.62596902,56.82423698
5028,37.38839879464905,55.81917654833116
5029,30.315560100000003,60.04642761000001
5030,73.39249289,61.25071083
5031,37.66027892,55.70477244
5033,37.610889,55.728706970000005
5034,37.64192150328718,55.72756435055363
5035,46.13652706,51.50123353
5036,49.21155641179994,55.78098507859563
5037,37.85650634086305,55.68250226740059
5038,30.34735702,59.92863759
5039,37.516686799999995,55.8189714
5040,37.38843104,55.65075182
5041,37.74065025,55.67161315
5042,30.32587704336744,59.92919075193579
5043,49.110234600000005,55.82615675
5044,37.54205614,55.74936677
5045,44.50199995,48.69704197
5046,37.33749647,44.90255805
5047,30.32546751,59.93538951
5048,37.48984934909334,55.68951144758245
5049,37.613774923571626,55.786029152950285
5050,37.62268513286287,55.74908177083567
5051,37.61796977574963,55.77491034433236
5052,37.6551531608712,55.778517901772496
5053,37.51164,55.65337517
5054,37.5486289,55.6913012
5055,37.777115514746285,55.79782029697658
5056,30.288119356149114,60.00392581652971
5057,37.40453996,55.802271250000004
5058,30.35953827,59.931456000000004
5059,37.79073902781425,55.795899363458254
5060,83.0902148891326,54.837531729807395
5061,37.663826367074066,55.678473719573724
5062,30.33529923716425,60.05643447918859
5063,30.374458543972636,59.814717059861806
5064,20.48281928,54.72545474
5065,38.0539669642634,55.958942485504494
5066,30.420485600000003,59.9423115
5067,37.62324677644436,55.74241538820391
5068,30.347684172330144,59.832707375972724
5069,37.54444415,55.74762820000001
5071,84.95265322030558,56.46410489803941
5072,30.359432399999996,59.9318559
5073,37.61329126631989,55.71558044462459
5074,30.578345521706876,59.752765849140246
5075,30.20780088598713,59.84878409572381
5076,37.62385111,55.75034704
5077,30.26338074,59.844542849999996
5078,37.396880436887294,55.90726654117056
5079,36.11577448836132,53.00711067695912
5080,37.55516846,55.73475672
5081,37.60363061,55.74422043999999
5082,20.4730978,54.7404326
5083,37.48856317,55.73830164000001
5084,55.12982637,51.857398499999995
5085,37.42188265641438,55.77031972013127
5086,47.792577270002596,52.00503814875039
5087,48.354807094338575,54.32989241643078
5088,37.64153894,55.73653904
5089,37.789072108933716,55.75084104402422
5090,37.71463584,55.74790754
5091,20.49956307,54.71657458
5092,38.00760347,55.74957264
5093,37.542603,55.74012809999999
5094,49.118628748071885,55.8294314842631
5095,30.346006322906362,59.93145657978512
5096,49.107330451231896,55.77996884086025
5097,30.26459377,59.98518554000001
5098,30.354199233415738,59.92204097021686
5099,39.13258228,51.688466999999996
5100,30.25131013,59.92945977
5101,39.70769718,47.23142011
5102,30.2560674921299,59.98972566836822
5103,37.652531979709146,55.63679740299463
5104,38.09123272744276,44.55481232525053
5105,30.495730222121455,59.934812257918495
5106,30.171424544500166,59.98998428392889
5107,39.68839479058567,54.634895824321625
5108,37.62385111,55.75034704
5109,37.602335100000005,54.19963779
5110,37.65154606,55.65531823
5111,73.39346566999998,61.23855415
5112,37.56890908,55.79339554999999
5113,37.56682530514518,55.7436790904487
5114,38.9796781,45.0191019
5115,83.72228745,53.34082158
5116,37.63699298,55.81016136
5117,37.544584675344886,55.75712934672031
5118,83.0493505174739,54.854428106778606
5119,37.58319385,55.74718083
5120,37.574155299999994,55.7148706
5121,30.31487707121855,59.9356420645955
5122,37.36143585,55.60489508
5123,37.61900771,55.63668789
5124,30.39507311,59.92615143
5125,30.360035788947215,59.93568994951724
5126,37.62356958426668,55.750347039999994
5127,92.95386616,56.05882507
5128,60.60938282383877,56.836330428659295
5129,61.450245941041324,55.14514566221236
5130,37.74640577861112,55.65305900362569
5131,30.383937660000004,59.84594429
5132,37.604408211062584,55.79301787808533
5133,37.6416429,55.7325264
5134,39.14580557,55.91192736
5135,37.55925212,55.78024801
5136,37.61496998,55.72482679
5137,37.57013217,55.83031603
5138,37.621731284876226,55.7711564396321
5139,37.80154695,55.79116382
5140,37.526524100621046,55.74138490558304
5141,37.54894,55.67252379999999
5142,20.50364859,54.72046616
5143,37.80064086581235,55.79634492315626
5144,37.50802372605796,55.8022111974858
5145,37.28843685,55.605923870000005
5146,37.50229675,55.74134911
5147,37.45378029,55.67673918
5148,37.62209091,55.70872892
5149,55.112603500000006,51.8273316
5150,37.16164130526029,56.73586096162761
5151,30.32086796778337,59.84884405047786
5152,37.59935641371679,55.72913673023992
5153,37.67191629999999,55.72251315
5154,37.582724216515835,55.504365926536366
5155,37.63510734,55.79081152
5156,37.654145956529995,55.85640626656707
5157,50.242459499999995,53.21765160000001
5158,37.549982702308576,55.74506559971485
5159,37.59914059,55.74121435000001
5160,37.72923778,55.58576416
5161,82.90440349418057,54.98921886256063
5162,37.49912376763711,55.821990391727304
5163,37.47629841,55.847620490000004
5164,37.6764563,55.736270999999995
5165,40.53556395479963,64.54195555527141
5166,39.711936992267624,54.62927560385488
5167,37.53919297,55.74734158
5168,37.41429443010292,55.964763333208545
5169,37.55316786,55.66002894999999
5170,37.65426517893083,55.82398034652369
5171,37.62385111,55.75034704
5172,37.60161902160516,55.598954494675304
5173,30.35576507282237,59.94636578031231
5174,30.322213073183885,59.962556740776506
5175,82.95841390000001,55.012359100000005
5176,37.658343671068884,55.75753660116444
5177,37.61502996904249,55.756015796239005
5178,30.34487892,59.93404729
5179,39.20123912,51.67148891
5180,37.62385111141326,55.75034704141326
5181,37.542687093205124,55.7501998667018
5182,37.8681598,55.74681782
5183,37.649240899999995,55.760918860000004
5184,30.57016142,59.92330133
5185,37.78589123543033,55.71860885098115
5186,37.51078558,55.66368056
5187,39.19187889,51.66715506
5188,30.31594690158193,59.936051767813616
5189,37.49817956,55.81791953999999
5190,37.623851052523754,55.75034701909955
5191,37.59182804907462,55.72499347939233
5192,37.60203660122475,55.86330446656493
5193,37.506937062001775,55.677133305447086
5194,37.62626812,55.74074005
5195,37.57979281,55.842664899999995
5196,37.664477699721736,55.75970177807409
5197,37.59250710419963,55.79245521180937
5198,37.63467166100983,55.72980611349663
5199,37.5632648,55.678303299999996
5200,37.61768907,55.75436752
5201,30.30305960300387,59.922317637097805
5202,37.62771265904534,55.74444880198031
5203,30.34774929,59.86938725
5204,30.31652935748775,59.9358802514022
5205,37.63547815,55.73224998
5206,37.49061573,55.6026448
5207,86.12739343,55.34647719
5208,37.530350944684095,55.791243833013276
5209,37.85995349171504,55.762453067397715
5210,37.6135749,55.75824004
5211,37.58687686,55.77778303
5212,83.01206481348049,55.003112929111666
5213,45.97649755206111,51.50726638320527
5214,37.65823936678196,55.7077770558376
5215,37.6638148,55.847348499999995
5216,61.3876562,55.1741601
5217,37.676328662340445,55.79284358093551
5218,37.70012488704394,55.90605588028932
5219,30.355691533203856,59.986729603392625
5220,50.11324223,53.20200311
5221,37.45133512,55.89426327
5222,37.56422594,55.76246381
5223,30.313782901339202,59.935484775837864
5224,37.43539609,55.84983756
5225,30.31198304,59.86345196999999
5226,30.50030097036159,59.83106871601321
5227,92.87951197,56.01001008
5228,37.548633682764354,55.86265449489997
5229,44.49479150157081,48.752855988486075
5231,37.74560999,55.45139358
5232,39.63317714148128,47.20491160529157
5233,30.359751363137367,59.93184820942805
5234,37.541658,55.9074667
5235,30.32466955,59.8088167
5236,34.55410459247488,57.5891686752904
5237,82.91305094,55.029115100000006
5238,37.68591573741485,55.743325842324445
5239,30.354376384272346,59.98702505889862
5240,37.84479205,55.65823596
5241,37.485475563472065,55.646101061465274
5242,30.320331079999995,59.92715244
5243,30.30470017,59.92745906
5244,39.52368153876434,55.57411698748896
5245,37.62145974,55.74411617
5246,37.6235649446743,55.750347039999994
5247,49.11301656,55.77994966999999
5248,37.62385111,55.75034704
5249,30.35845365,59.93506514
5250,37.84602787,55.65397481
5251,37.6174299,55.59545822
5252,30.273514337737268,59.79954914107793
5253,30.34107395,59.98819099
5254,49.11907332136035,55.7884723459643
5255,37.46457115,55.80946906999999
5256,37.40792996,55.75773288
5257,49.2118893994798,55.78045276447801
5258,37.77665488,55.71060441000001
5259,37.66200487,55.67576897
5260,73.35658897,54.99361854000001
5261,37.6013242,55.761364
5262,37.62299208208884,55.76819581282785
5263,37.759078635653786,55.916625579074555
5264,37.58674845,55.80430317
5265,30.296484850716393,60.002811700373684
5266,30.355658605777993,59.920928185742014
5267,60.612856943668596,56.79695467932955
5268,37.46178702,55.78972991
5269,37.58749612134962,55.77424734943772
5270,39.66356881,54.61104059
5271,37.64676791,55.76985891
5272,37.60581705977481,55.8180922558509
5273,37.875232200000006,55.7477865
5274,30.34186587,59.93018786
5275,30.3813299,59.969859899999996
5276,37.559777780812574,55.75265048401494
5277,30.31326277531988,60.02402243755258
5278,30.48628737,59.90062442
5279,37.65716888368551,55.636601219999996
5280,30.288749237694674,59.96244445228188
5281,37.85176847,56.01166997
5282,37.48157569,55.63143074
5283,37.60977723,55.71995048
5284,49.14411131674188,55.77056512963036
5285,30.30941114,59.96051479999999
5286,37.65339725186788,55.710843202129674
5287,37.56607197,55.74463205
5288,30.32030627,59.86803359
5289,30.318785012872695,59.78787843186241
5290,37.38698583637342,55.821127584152975
5291,37.49907944,55.65998129
5292,37.68136142043313,55.682651815349246
5293,37.57255856,55.65599271
5294,29.971459510000003,60.097803000000006
5295,30.23266844,59.96977465
5296,37.5428836,55.88314825999999
5297,30.321081145059335,59.86558590279652
5298,37.73993175,55.64877183
5299,30.224671125111072,60.022657711315325
5300,39.7194756,47.2276917
5301,30.466153886052535,59.91982510133668
5302,30.356433946744204,59.920474709140244
5303,30.23866788,59.93972993
5304,38.97400318351132,45.039722969133415
5305,37.83484809,55.73800794
5306,58.97877283,53.38046198
5307,37.6596825384192,55.738133064324884
5308,37.81148806,55.70853511000001
5309,37.85293087,55.684757069999996
5310,20.5048196,54.719870900000004
5311,37.49253586,55.693093999999995
5312,50.30164537,53.32605313
5313,37.59905811,55.74793603
5314,37.63563842,55.73034929
5315,37.61119075,55.85863942
5316,37.59813629999999,55.718346200000006
5317,37.51975793,55.64493895
5318,37.66526891,55.63615419
5319,37.65870061,55.75730970000001
5320,60.61900286552885,56.84021146529444
5321,37.977751856335175,55.60705663519048
5322,30.3445629090316,59.92601058720086
5323,82.91377142,55.03057081
5324,30.34721169005886,59.92849377048028
5325,35.93472390358698,56.85251572984517
5326,37.65748702,55.83070714000001
5327,37.5767517,55.7936077
5328,37.55403221,55.87282535
5329,37.536376000000004,55.60192099999999
5330,37.74413511,55.64795738
5331,49.14919395,55.78484267
5332,37.48989925,55.84712496
5333,37.71332915715286,55.79521283133435
5334,30.35114866,59.88129467
5335,37.65223995,55.71703978
5336,36.72869789844938,56.33239080378537
5337,60.595585959999994,56.83529634
5338,36.61332026034765,55.11772025322563
5339,30.47406408616137,59.94728549901397
5340,37.84912314,55.98899453
5341,37.61007379,55.720676610000005
5342,49.09866578,55.81742274
5343,30.346410600000002,59.84715010000001
5344,37.60266383,55.76416996
5345,37.59992651047263,55.75682270893407
5346,60.600374159999994,56.83475175
5347,37.76765833643523,55.70487596869115
5348,37.81716162419388,55.75067127196396
5349,39.71496329,47.29247507
5350,37.61422484600023,55.755622028680904
5351,37.60352768,55.76426862
5352,30.25314895,60.00752246
5353,82.95051668,55.10959290000001
5354,30.41272844068974,59.86539593383532
5355,49.13426775,55.82513391
5356,37.61518355,55.70810461999999
5357,49.2305676173594,55.77848562956593
5358,30.430164,59.9020032
5359,37.61884677999999,55.64832667999999
5360,37.706969808696,55.74572837264655
5361,37.92628261,55.79389915
5362,37.34406458,55.50972785
5363,37.36011487,55.84779597
5364,37.60111793,55.79259305
5365,30.300007309999998,59.95888035000001
5366,37.6283605044948,55.66426983680164
5367,38.91257945,47.21034411
5368,37.63711162,55.770605
5369,39.610658487704114,47.2306405794042
5370,30.3149841,59.83281383
5371,36.192334546971445,51.73670362433143
5372,30.2064266486728,59.98992546127325
5373,37.93663591,55.79976507
5374,37.59310858334869,55.812389026061894
5375,30.347555535848443,59.92368044697083
5376,37.78306985807651,55.70635825543675
5377,37.74453055579127,55.80297773514798
5378,30.26389503,60.00746039
5379,37.496799158653886,55.82174684500264
5380,37.540639,55.75281722
5381,37.55934129691969,55.74555211421514
5382,37.62574777,55.77343174999999
5383,37.46221782293664,55.86544066522528
5384,37.67320376,55.784507469999994
5385,36.56645541,50.58623869000001
5386,37.33172744021103,55.877364666505414
5387,37.52369441,55.73522864
5388,73.31635918,55.01729709
5389,37.62108713438034,55.709775487887015
5390,37.93474093,55.79714396
5391,37.8824978702438,55.7535836277519
5392,37.40101084,55.91215342
5393,30.29583614,60.00385295
5394,49.10257682,55.818540389999995
5395,36.84418391,55.90679329
5396,60.569852325171425,56.82389282502996
5397,44.34808606881997,48.69596689200703
5398,55.9289100976539,54.67341237788701
5399,37.626689899999995,55.66482708
5400,60.5071382,56.8236792
5401,37.54432261,55.663021060000005
5402,37.41036169,55.73972141
5403,30.386487640974423,59.924323504932225
5404,37.83526739424789,55.77557974947376
5405,131.88434567,43.11923088
5406,33.07296606952487,68.97046451998291
5407,37.55839985,55.75648796
5408,37.59312037,55.7079926
5409,37.8554385,55.7475678
5410,33.09137922,68.94953636
5411,30.475159454264613,59.945714453027456
5412,37.60990094,55.72713595
5413,60.63052475,56.81886122
5414,82.98067141,54.85918656
5415,60.62289749,56.80956572
5416,37.53195394,55.68701493
5417,37.62385111,55.75034704
5418,37.7030588056077,55.81052828230228
5419,30.2932287,59.96975804
5420,30.327743800000004,59.9322231
5421,37.504598063231334,55.70012608776936
5422,43.95059044593822,56.33381294146677
5423,37.657512311014855,55.75810612638163
5424,37.66414366313495,55.67230958337433
5425,37.59961635,55.75749013
5426,37.41856355,55.56687315999999
5427,37.61807665,55.70974384
5428,30.17957613,59.85736277
5429,37.561510999999996,55.765063
5430,46.01274795,51.51842876
5431,37.61305857,55.59194599999999
5432,37.69098262271569,55.77939763785809
5433,30.31603519,59.78205663
5434,37.604282069818744,55.88477559046099
5435,37.61821546,55.85266685
5436,50.165272987424814,53.20736065036852
5437,49.65473302,58.57838992
5438,37.6571389766981,55.776184942255014
5439,37.61496965,55.71364705
5440,37.49780003,55.82329194
5441,30.35537215888217,59.98690699075834
5442,40.53477272419905,64.54081671700754
5443,37.725208008609386,55.587038799382796
5444,30.333966668453254,59.93467172628046
5445,37.71841407,55.611634360000004
5446,37.49369103441193,55.60397136374702
5447,37.4789451,55.7072081
5448,61.33152446879047,55.19096189143575
5449,39.61489891670253,47.23406395196931
5450,37.52680242,55.68422708
5451,37.486471678768005,55.83360715433824
5452,37.71463584,55.74790754
5453,30.35533123,59.93321241
5454,39.82920697289939,47.27380153485025
5455,37.58344968523782,55.7790670966642
5456,37.845853512128194,55.91370169485834
5457,37.64548652,55.75939543
5458,37.63762910064274,55.8080970050347
5459,37.480674241075846,55.66267535649578
5460,30.3610107485102,59.87594319067823
5461,37.74474118885812,55.64952286872659
5462,37.62227707,55.69299874000001
5463,37.59440576883711,55.660832173578875
5464,37.73687806,55.81448208
5465,37.53468926933617,55.79923699745842
5466,30.331365248855,59.92276448096283
5467,37.58535579325513,55.75233438644088
5468,37.7576521,55.918326709999995
5469,30.357944770159122,59.946508644477646
5470,37.46488970393415,55.80833673715038
5471,37.63703946995311,55.80880729801669
5472,37.630144027872774,55.7304282416742
5473,37.5315031,56.344702999999996
5474,84.95063893,56.45924893
5475,104.3537842527134,52.25959455905759
5476,37.54638121,55.74188719
5477,40.103663392113404,47.41099043616178
5478,37.68025110193444,55.789409202953884
5479,48.35964415,54.30657501
5480,30.207306899073252,59.98956554841752
5481,40.55289656481642,64.55372602601058
5482,30.31105533,59.96609361
5483,46.023390189043106,51.53144883011326
5484,37.629536628164786,55.74364602403636
5485,37.806554853466714,55.915414635365295
5486,82.91808844,55.03093034
5487,37.65495200000001,55.683297700000004
5488,37.59428546,55.771399159999994
5489,41.006694499999995,57.735397999999996
5490,30.205729944411953,59.991002393409325
5491,37.57297507058363,55.56577696389416
5492,37.69829985,55.70729613
5493,61.29106044169612,55.16166348942248
5494,49.21045839,55.74866394
5495,37.65892938,55.75727336
5496,37.41588176318169,55.90524315453332
5497,37.62357224268689,55.750347039999994
5498,37.59106714,55.63961196
5499,30.30972495384905,60.056844765250254
5500,37.80609984,55.73979181000001
5501,37.5973579474525,55.75244397620202
5502,37.58989468,55.7733929
5503,37.84527853,55.65350872
5504,31.26896789,58.53176753000001
5505,30.27526544723772,59.94293091946109
5506,37.62209091,55.70872892
5507,37.57985987,55.72623156000001
5508,37.6211701,55.6012988
5509,56.06658954,54.94130996
5510,37.703032799999995,55.734311399999996
5511,37.55325562,55.7908701
5512,30.35267338516537,59.98739747732997
5513,61.55011719629394,55.12154528260198
5514,20.50935064,54.73558191000001
5515,37.76687860772101,55.74252007002193
5516,37.5805488503637,55.82764495159768
5517,37.60105928021605,55.75310600203612
5518,37.59324508174892,55.70734698798465
5519,37.792141658728,55.717352441704975
5520,30.3550087,59.9323918
5521,83.0981802520351,54.83576821778859
5522,37.74139892,55.67807196
5523,20.48795300504301,54.74881150752737
5524,92.89151312140318,56.013251429502915
5525,49.04899366,55.82284275
5526,36.25919413,54.51458791
5527,37.64819204285899,55.75988656173031
5528,49.213124140000005,55.780578469999995
5529,30.307131259999995,59.970848659999994
5530,131.89747341,43.11427125
5531,37.634302237430006,55.76268799359383
5532,30.34170393,59.871274
5533,37.68042028278998,55.78899829911968
5534,37.597967979640835,55.7516889965101
5535,30.40546256,59.83625438
5536,37.703218472025064,55.782611049302176
5537,37.65121032,55.85037434
5538,59.941534200000014,57.8711837
5539,37.73235932051986,55.765155975454874
5540,50.202093420000004,53.20143757
5541,37.39995841,55.80503503
5542,37.63523273,55.79429556
5543,37.58629018829695,55.913380634444515
5544,36.97092332,55.82377127
5545,37.57042298143181,55.754384622679616
5546,37.53286438915531,55.79062366223298
5547,37.52405751,55.68943537
5548,30.362772839492703,59.932260056060684
5549,37.83282705,55.81252906000001
5550,37.65617441,55.77351265
5551,30.349831277873324,59.83697152887417
5552,30.242626763732932,60.03201511395089
5553,37.732484544073,55.73017178833483
5554,60.56417844797108,56.80363531443463
5555,37.532910047454955,55.79046276021529
5556,48.04070804922587,46.33504816417031
5557,37.44531456,55.73073253895809
5558,92.94536825,56.06514681
5559,37.62385111,55.75034704
5560,37.997180984835865,55.74445210628139
5561,37.81854697,55.71205143
5562,60.6214086,56.83014358
5563,48.38547660135869,54.33019965205178
5564,43.92572835,56.27470434
5565,37.59480347134304,55.77280397129078
5566,37.85416544,55.68963562
5567,30.29852126771497,60.00438188368236
5568,37.51860391,55.67106691
5569,37.52343893,55.83484115
5570,30.325911170000005,59.78092671
5571,37.64369728942725,55.76341428418976
5572,37.39535800299722,55.91034403387895
5573,37.61905770228596,55.77938751229411
5574,38.898674104617584,47.21765015524513
5575,37.59320038,55.73455537
5576,37.87123125,55.67011698
5577,30.353854854167515,59.9884909892118
5578,37.7281639,55.91571509
5579,37.540608592710555,55.6556890025923
5580,37.763368828945005,55.74862222039638
5581,37.6149139,55.796056400000005
5582,37.28142809802069,55.67841974252628
5583,30.40030102541543,59.85020772727809
5584,37.64580325609667,55.76562218920347
5585,37.60354914,55.79472096
5586,32.088025696926266,54.738363195532614
5587,37.61766493,55.74047298
5588,37.57906109996042,55.78257502754621
5589,37.620448803406525,55.71331039414742
5590,49.09976901270899,55.82650906752881
5591,37.63438884,55.75773407
5592,37.6136867129113,55.764310522172714
5593,54.97660853,51.84489511
5594,49.10774216,55.80754561
5595,37.58458279737735,55.77551138394604
5596,37.64084217749761,55.75995134805896
5597,37.819096204612165,55.75203538486167
5598,37.62385111,55.75034704
5599,30.44687804,59.91291398
5600,37.54061135,55.74938007
5601,46.1279164062331,51.48522473609468
5602,37.63289787,55.771458949999996
5603,37.62372606,55.70836038
5604,60.59899210858731,56.80201562885239
5605,30.34424874628916,59.985112239007506
5606,37.64029875,55.73213124
5607,30.33078395960686,59.92042726836566
5608,56.13119021,58.02844315
5609,37.678092,55.772441
5610,37.50526718,55.70012966
5611,37.37408213,55.5939275
5612,37.64994364,55.74532295
5613,30.3290967,60.0529419
5614,37.63172884234465,55.76137119769697
5615,37.65840837419949,55.75726002750879
5616,37.8617939,55.81667894
5617,30.332109999999997,60.05403703
5618,30.31163938,59.96342868000001
5619,61.48042895,55.19469097
5620,37.63328178181818,55.78632050361688
5621,30.370038987398605,60.009295588214954
5622,37.61180028,55.72128159
5623,37.6588034018735,55.756049350360854
5624,37.40715209,55.75984584
5625,30.31590512724784,59.9358472417779
5626,37.43858624,55.85216322
5627,37.62258517,55.85656001
5628,37.4995794,55.6973497
5629,60.82367339801583,56.911746535024875
5630,37.516465441192814,55.54600187524312
5631,30.34459164478453,59.98522231125266
5632,37.74728489362506,55.64625459476159
5633,37.61301331,55.75854548000001
5634,38.921066057417754,55.57735588384546
5635,30.48292084,59.92214474
5636,60.53727742000001,56.81697506
5638,30.383417033453814,59.92745514121588
5639,37.5492188,55.66444129999999
5640,37.4977332802374,55.82296894805302
5641,37.72284273,55.61487405
5642,60.61593754527212,56.83721390747492
5643,50.1430777143626,53.20272892029425
5644,37.610001496790524,55.76399659520724
5645,37.55125756583208,55.76026118642088
5646,37.599994986079366,55.78108836961083
5647,37.28169378,55.66973674
5648,37.690090384229805,55.716879071657125
5649,56.26215946,57.98244625
5650,30.299810359999995,60.02835167
5651,30.51767402468523,59.98381838494212
5652,37.53318133741955,55.687866747606705
5653,37.9001059,55.40975257
5654,37.66874358,55.74810323
5655,37.570741287771135,55.683684289238755
5656,37.6235750774794,55.750347039999994
5657,37.61261103468684,55.73813300364732
5658,37.678809699912314,55.77222719474531
5659,49.34721004,55.707610079999995
5660,30.258103540000004,60.02407394
5661,131.91234814584692,43.12598103750725
5662,37.5922452151143,55.86460133520793
5663,37.58270712,55.74872354000001
5664,30.348177657090105,59.94338879114061
5665,30.39383486040923,60.0015896332825
5666,37.30467612641703,55.960101482522404
5667,30.27432402261401,59.94093434361085
5668,37.58628517629366,55.77651120799751
5669,84.95018951,56.47713743
5670,37.58790149883375,55.888935284928685
5672,61.378293449999994,55.14934749
5673,37.59838889,55.77813393
5674,84.97408412,56.45977689
5675,37.85596713,55.68358406
5676,37.57235,55.7041803
5677,37.53685212,55.74651033
5678,37.65443333973178,55.708460533448175
5679,37.98315916,55.92892112999999
5680,37.490249,55.604703799999996
5681,37.67205980000001,55.707975600000005
5682,37.63499169708102,55.824164848159654
5683,37.57363806462576,55.68841016340391
5684,37.61377104,55.65220915999999
5685,37.64182426,55.63868606
5686,37.631881245130934,55.76099772541474
5687,33.224971999999994,69.05050899
5688,37.62123810760731,55.76190398836356
5689,43.4028157,56.227658700000006
5690,37.70401688682428,55.54847483820066
5691,37.63124619945201,55.74769462820647
5692,43.98975196252424,56.31248301841508
5693,30.47726705,59.92151838
5694,84.97561024702236,56.46928986612692
5695,30.324994099999998,59.93576302999999
5696,30.25724570169127,60.00848577490044
5697,44.88982525,53.22033045
5698,37.62679133074324,55.74437379614728
5699,37.551935824561376,55.67205098388575
5700,30.28422184,60.00158516
5701,30.343310240000005,59.99913163000001
5702,37.67653473597858,55.71758410734624
5703,60.61193096360336,56.911345971800486
5704,37.53729489,55.8366765
5705,82.91016184,54.99179495
5706,37.73691326,55.81485847
5707,37.49679714430185,55.82454406287286
5708,30.35811852614449,59.93619194843194
5709,37.84548426701181,55.91622198973662
5710,37.620069996682595,55.762830508155695
5711,37.623851066088115,55.75034702403204
5712,37.63521,55.711341000000004
5713,37.886781058543484,55.751919265092106
5714,37.500384564389854,55.69870253797684
5715,37.64985915,55.78472522
5716,82.92884584955065,55.01985171442383
5717,37.62994207,55.66299474000001
5718,37.59338725,55.73698715
5719,37.646976040611285,55.65356884986924
5720,36.859973653389055,55.72898414369766
5721,37.62166257667233,55.70041314830561
5722,37.62497591,55.67575921
5723,37.62048125,55.76120125
5724,39.00504258,45.04181258999999
5725,37.62622051,55.66020219
5726,30.34845220207065,59.83394374205171
5727,30.259676533702898,60.007549770980496
5728,36.7418524,55.3827123
5729,43.03479105,44.04903507
5730,37.54837509,55.43083995
5731,37.53349458451238,55.79023473636385
5732,30.345764716303886,59.932588667901996
5733,30.38227782219709,59.89449132749785
5734,37.62559995,55.74081795
5735,37.56726085,55.74418386
5736,30.40009797,59.88221710999999
5737,37.495331588372046,55.932855664545315
5738,59.048704,53.408347
5739,37.61050008,55.75841191
5740,37.648416065441545,55.77109258000505
5741,34.32989191,56.26675401
5742,30.459075960639446,59.848549663009685
5743,37.35972953943703,55.8476983135258
5744,30.32538973,59.95822642
5745,37.62606997,55.75098275
5746,37.54813401502621,55.66432743701048
5747,37.6284761977362,55.663550452062324
5748,30.32172516,59.87867592
5749,37.610889,55.72870697
5750,37.90074175,55.41404812
5751,30.29517867,60.02410948
5752,37.742820832860765,55.652390092532315
5753,37.57712804,55.74408381
5754,30.26531687716469,59.87937159136026
5755,40.402853,56.12869606
5756,37.6461464458697,55.76937347814879
5757,37.67364666,55.73526262000001
5758,37.72154287,55.78730003
5759,30.24473671,60.03246713
5760,37.128848849990206,55.981065041605575
5761,37.512272100000004,55.66488097
5762,49.24574603,55.75136010999999
5763,37.54945826560747,55.66548718729852
5764,37.53983796,55.86581271
5765,30.32628134990897,59.98154104644585
5766,37.62573855,55.86437032
5767,37.48627196269702,55.41894760664318
5768,37.59952179999999,55.75131937
5769,37.50913451155631,55.61671298923457
5770,38.9755972,45.0398644
5771,37.61107396873683,55.67588769412278
5772,37.64140702557749,55.75866067921118
5773,37.584746523815696,55.77300563764227
5774,37.76936587213966,55.92289017084507
5775,37.52892539,55.714799899999996
5776,37.621755944670774,55.63953397481197
5777,49.414634,53.5153613
5778,30.31903739989254,59.92639072430401
5779,37.54685663,55.749861159999995
5780,37.62385111177112,55.75034704177112
5781,37.40434784,55.75918104
5782,37.62378536223582,55.7505692441868
5783,37.66773985,55.87049871
5784,39.73824888,47.13288063
5785,30.318177365903477,59.90658048628095
5786,30.355045899999997,59.9312235
5787,37.55381641295768,55.669595849741896
5788,37.87653532879117,55.688911342824355
5789,37.18747146,55.97913556
5790,37.6072192839344,55.64034330088413
5791,37.59514108,55.78242248
5792,37.586945670520336,55.77776216215133
5793,49.148795899999996,55.8239787
5794,39.975282682203535,43.39517860628656
5795,37.542527500000006,55.73402170000001
5796,30.20667549,59.99767999
5797,50.1645430065698,53.21093327522586
5798,84.96643614,56.46733516
5799,37.630483212242076,55.78862655062722
5800,37.7072959,55.7546772
5801,37.55407143,55.67099506
5802,58.96782037,53.42119101
5803,37.58846406,55.73472596
5804,45.01546598983397,53.18922710140972
5805,56.23623615055569,58.01113985965455
5806,43.91501621632718,56.33780344720813
5807,38.97464147064754,45.03989825774261
5808,37.16251058189545,55.98382980724294
5809,38.95781491,45.05299119
5810,37.63644274,55.73808552
5811,37.59237505,55.80442998000001
5812,30.33270344,59.93396292
5813,37.88789037217031,55.75228354851517
5814,37.57052444,55.77646648
5815,37.407504942679125,55.963844139194286
5816,37.56015629,55.55233782
5817,30.5823993563274,59.74112877770159
5818,43.86078,56.24190550000001
5819,37.548717397457764,55.75489074278665
5820,50.3035744118647,53.32541402813466
5821,30.319865999999998,59.868017
5822,37.39839411,55.91062816
5823,82.93318559999999,55.028806599999996
5824,30.201607459999998,59.99625911999999
5825,37.57704388,55.80878797
5826,30.34778757299896,59.926751822131656
5827,37.66582065,55.696101549999995
5828,37.63433896834236,55.75748766874047
5829,37.81317603,55.79328216
5830,37.58099678999999,55.72910363
5831,37.49873486160245,55.82319981864383
5832,37.43378575,55.88890456
5833,37.66766051,55.77246469
5834,38.0534306881142,55.955064038420026
5835,37.59907655,55.79192873
5836,30.17825053290235,59.8435860472111
5837,37.54170271977296,55.751521116734345
5838,37.449223257044345,55.85029397269059
5839,37.42471788,55.73592481000001
5840,39.05246887253831,45.03443923520993
5841,37.83964522,55.76992473
5842,82.92121791000291,55.02905142038652
5843,37.5993908,55.7681725
5844,37.1831687634602,55.9804404755209
5845,37.615396200000006,55.7560711
5846,37.586470848279816,55.768106286161554
5847,37.46355825198978,55.809192161402684
5848,37.633203,55.757642000000004
5849,61.87684435,56.43318512
5850,39.45685354524557,55.93682199269098
5851,37.58849773267196,55.75281384671009
5852,41.002989899999996,56.96584894
5853,60.508781973852535,56.82472505108723
5854,30.32378074,59.87860458
5855,37.665839560927026,55.87518075229054
5857,30.348374534854628,59.91406091081852
5858,37.58268013,55.72706123
5859,61.28620620888383,55.208687843271534
5860,37.85249166,55.682678470000006
5861,37.58710518,55.853396110000006
5862,27.55842693,53.90058604
5863,37.65591993558935,55.76261237373725
5864,37.61974778718939,55.728824941003495
5865,30.391569879999995,60.01417614
5866,37.61573374,55.75874262
5867,30.2880316,59.931456999999995
5868,131.91765434728913,43.17025537389845
5869,37.864511174053455,55.76982259648281
5870,30.34971392289405,59.914468820049386
5871,37.528345632709176,55.79989139489572
5872,55.13997404919198,51.81549045749778
5873,30.27426875939285,59.900763641997614
5874,60.59590213,56.83499738
5875,37.573869728704594,55.56560532792473
5876,30.34891672,59.92751635
5877,41.984418242351765,45.04956061264508
5878,37.53567475,55.7481277
5879,30.22608094,59.99842971
5880,38.0226396,55.35069683
5881,37.4533480151867,55.8960013500677
5882,37.4657574430784,55.67820935023832
5883,61.914486276287185,56.423865466466545
5884,37.652895035334346,55.76283725139453
5885,37.623543006024356,55.750347039999994
5886,50.14363468,53.20356131
5887,40.37079096,56.15539946
5888,37.89006446,55.67674207
5889,37.541213494487955,55.94604039201215
5890,37.63094053,55.74330984
5891,37.48997342711729,55.60472318244079
5892,37.8450891,55.65825601
5893,30.378897777729815,60.09088312268486
5894,37.69598264,55.76925129999999
5895,49.136221119173484,55.79518194426588
5896,37.6976565137842,55.74034057231715
5897,37.38654333048913,55.82046726862692
5898,37.40026180792244,55.91063747660558
5899,82.93640658000001,55.028754469999996
5900,30.326748699999996,59.93390984
5901,37.59042811,55.74924695
5902,83.09022933631,54.8628011004583
5903,30.242614444244943,60.01113977128146
5904,82.92391554,55.027832440000005
5905,37.57981226,55.68685995
5906,37.59013149283387,55.707263137630854
5907,37.589215800298824,55.70784409771465
5908,37.76911028077233,55.650850393622676
5909,37.605828755347474,55.864497519601045
5910,37.90028837,55.41049955
5911,37.54599966,55.77390943
5912,30.33112999,59.922048
5913,30.372376199999998,59.93043
5914,30.3199283,59.8514483
5915,37.46293198,55.80530467
5916,37.63470635,55.73296017
5917,37.52875583889359,55.791783613091575
5918,37.76454163,55.66291809
5919,37.40602503130494,54.94168796428301
5920,83.09769235,54.8594301
5921,37.602245145555415,55.690320013373224
5922,38.85327749,58.04919194
5923,37.55870609131974,55.87079054338011
5924,20.50216332,54.6719921
5925,39.89757283244413,57.59029960737808
5926,37.73429576,55.69622153
5927,37.39796897022549,55.898662206633055
5928,56.0063505,54.722617299999996
5929,37.543246,55.664300000000004
5930,37.63739533973989,55.81028631649737
5931,37.394679623308065,55.85833645323634
5932,37.62066481188484,55.732377832002705
5933,37.72240017,55.61915347
5934,37.354070744765245,55.726705707577004
5935,37.630303031517585,55.70050037
5936,30.2644777766519,60.0005958383492
5937,44.0223965,56.33123791
5938,84.96991228,56.46623574
5939,37.3572373198005,55.83508045481179
5940,82.91390754,55.04626759
5941,37.80550573,55.75472939
5942,39.0029994,45.08391204
5943,37.86988975401876,55.912618003939215
5944,37.51203787,55.808225
5945,30.30010209106799,59.98755411250225
5946,37.5082353938341,55.74400488656132
5947,37.48307680028213,55.79951363575549
5948,37.58346777,55.77499921
5949,30.32358795,59.84784484
5950,37.54307279980482,55.691295742589375
5951,37.5774553,55.7722255
5952,37.82604408,55.82317593
5953,43.95725872,56.339894189999995
5954,30.342578660000004,59.96770303
5955,37.61753418,55.79640818
5956,37.74867395,55.6593321
5957,60.59999376951004,56.83000322566073
5958,55.93163514831938,54.66881057683944
5959,60.525791556307574,56.79010443724123
5960,30.40113296,60.03569284
5961,37.64841679,55.74061774
5962,37.615629500301495,55.76107884971052
5963,37.679469044417694,55.77271558590163
5964,37.65752830177089,55.75637729308952
5965,37.677859399999996,55.716922690000004
5966,37.6031717,55.77959611
5967,37.544200229999994,55.79978053
5968,37.659013403024865,55.75737337862067
5969,37.54663431271851,55.74607841337397
5970,37.52982493,55.79907701999999
5971,37.68005855,55.75574159
5972,37.62273934,55.76996735000001
5973,36.72359697012582,56.326913797858566
5974,37.709068719762264,55.90127482431142
5975,37.67659379,55.70399408
5976,37.55302899918653,55.66338315125897
5977,37.28021325,55.67198084
5978,30.438231099999996,59.9329092
5979,36.24727305,51.74581596
5980,37.85923708,55.75188807
5981,37.46074263,55.68504720000001
5982,37.72160623,55.78356067
5983,37.63271615,55.7611988
5984,30.302550000000004,60.000657
5985,37.9012030590215,55.41543290658729
5986,33.0717201157267,68.95726874961144
5987,37.75058882665454,55.914096677608434
5988,37.43832137,55.85041405
5989,30.345638616093797,59.98481038965218
5990,37.58383188,55.74775808
5991,37.54228547,55.77857366
5992,37.546396057327215,55.66244625009801
5993,20.51795483,54.71170069
5994,37.63046271,55.78058903
5995,39.0519713,45.036287
5996,30.451649800000002,59.952076
5997,30.29626926293532,59.95561489263503
5998,20.52911299338594,54.71371341889471
5999,37.62996152,55.82593634
6000,30.43530263,59.93293474
6001,37.65837718,55.757128089999995
6002,37.46604174,55.80593493
6003,39.20776273,51.66696287
6004,37.51065891497922,55.709213919800405
6005,84.9483972,56.464402500000006
6006,30.337335018898088,59.924265740000365
6007,83.09863792885179,54.86077051184011
6008,83.09168999756302,54.86098188715571
6009,37.62385111,55.75034704
6010,30.31874355,59.95303509
6011,37.64477067,55.76434577
6012,37.55941506,55.65429506
6013,37.8464119,55.657865599999994
6014,49.15793185,55.82252001
6015,60.58667690066337,56.816417786559384
6016,37.47052509544509,55.775597151550954
6017,31.296399349999998,58.51989517
6018,48.35964415,54.30657501
6019,30.325803432414776,59.93476826402787
6020,30.374319699999994,59.91466940000001
6021,37.6433951,55.81256265
6022,37.54524026,55.66649552999999
6023,37.57961494,55.72394592
6024,37.49835158819683,55.822347734601856
6025,37.56566608094914,55.690967106046934
6026,49.21766514442036,55.76953465865284
6027,135.09559827535026,48.48313758035489
6028,37.3875444982924,55.47634518368573
6029,30.207399020000004,59.99204379
6030,47.1850654,56.119459400000004
6031,49.12631724823376,55.79228647622193
6032,37.4352365,55.8544924
6033,39.01745517,45.066118409999994
6034,30.385178472920092,59.925123696138435
6035,37.5815806,55.7772825
6036,37.63197416907142,55.7433027851676
6037,37.46360958071037,55.80887162661809
6038,37.27884408056824,55.66801052239365
6039,30.31528417,60.01710674
6040,37.61316016,55.79915504
6041,37.64253423,55.73603987
6042,30.34586906,59.91450749999999
6043,37.55870396422757,55.76520358274991
6044,20.499875313008843,54.72260108691519
6045,46.00989673464589,51.53512333442434
6046,37.54033484,55.79506399000001
6047,37.60637015,55.61346793
6048,30.32547992,60.03788092999999
6049,30.27029987069247,60.01832762825498
6050,37.54014330073419,55.68209883184075
6051,37.39635587,55.91129015
6052,37.54372213,55.92477890999999
6053,37.62233046289197,55.70827951005252
6054,32.04456702,54.76650096
6055,30.273344385142824,59.79981322403222
6056,37.49233872,55.79466592
6057,37.89984139,55.41436089
6058,30.406114473189486,59.96073610391392
6059,37.59934316909751,55.59422682547355
6060,37.6580533,55.68321831
6061,84.98706619999999,56.47223770000001
6062,37.581518570058975,55.74454344650626
6063,39.63202408505528,47.20913333125232
6064,37.53777757569535,55.745848867994404
6065,37.55139193799511,55.67011460025419
6066,37.57603001,55.67135241999999
6067,30.31374693,59.965430080000004
6068,37.64529336,55.85272632
6069,37.49420257408916,55.93105547241243
6070,60.63400324,56.86079935
6071,39.75772125,47.24103396
6072,30.36063999,59.927409999999995
6073,60.6051415,56.85067199999999
6074,37.623851048381105,55.75034701759313
6075,55.987309806729904,54.741454150631235
6076,37.59514108,55.78242248000001
6077,37.52035405,55.63358892
6078,37.53945217,55.74996361
6079,37.709579824707504,55.91969390855854
6080,30.2532031,59.97495345
6081,37.55307274,55.79752391
6082,30.214691716314828,59.938757622459846
6083,37.56759645,55.85960562
6084,37.53993787,55.74824023
6085,37.73197848823924,55.729958076483825
6086,37.5859014,55.6836554
6087,28.291258333001842,57.81988212680593
6088,30.295548945815373,59.952779446913695
6089,37.54005987832168,55.7491489105618
6090,56.238645283284384,58.01543634105496
6091,37.595044328556284,55.7528711802203
6092,37.74166748,55.64019951000001
6093,30.26859434393626,59.99997750916938
6094,37.60291865,55.863401100000004
6095,37.623567745111146,55.75034704000001
6096,37.58655835,55.7246578
6097,37.87117593,55.74741407
6098,37.70249013,55.55161907
6099,37.5948474,55.5801552
6100,37.46631695435935,55.67833256117943
6101,30.32545544,59.93446112
6102,37.39702570000001,55.9098346
6103,37.52170019,55.64797687
6104,37.35549811,55.85515304999999
6105,37.43287266,55.861389560000006
6106,37.484425532046764,55.84248533814868
6107,37.82671798,55.74119302
6108,37.58102663,55.76891713
6109,37.634676495270014,55.75768900310244
6110,37.75124196,55.91519499999999
6111,131.9393192,43.111482200000005
6112,40.97313724,57.75751198
6113,44.07667503,56.30644803
6114,37.53044128,55.374557499999995
6115,30.39918534,59.75494171
6116,37.66799625,55.73219939
6117,92.88607459999999,56.01746479999999
6118,49.09161077,55.81644116
6119,37.490723416876726,55.80047828543197
6120,30.333870462403542,60.04896210384789
6121,30.368528700000002,60.02607689
6122,37.60812382208872,55.78016663965508
6123,37.29661635363912,55.83559726840339
6124,37.54170075,55.65604775
6125,60.63276714992497,56.79308878078627
6126,30.382109730000003,59.97219663
6127,37.89776802,55.683421499999994
6128,30.386032899999996,60.041778
6129,73.3712324,61.2669005
6130,37.5803601,55.760308970000004
6131,37.61007672,55.76098541
6132,30.29228657,59.90623166000001
6133,37.8450891,55.65825601
6134,39.70960364403303,47.22600623533175
6135,37.71381522,55.78462372
6136,37.80150857,55.74783129999999
6137,30.21240256138726,59.85375171932758
6138,37.63074171,55.81899246
6139,37.36461328,55.83214104
6140,37.61360574525503,54.191157835867905
6141,30.22026155,59.85207819
6142,37.38545705,55.84083152
6143,37.51028705,55.64475997000001
6144,30.32135458001682,59.825260452918855
6145,37.680025601808545,55.78922000096817
6146,37.659658799999995,55.8473873
6147,37.820166079956216,55.79223451973708
6148,30.2727197,59.8345451
6149,30.36092035510032,59.92824703830293
6150,39.57815314615946,52.60634672903233
6151,30.3833013,59.84470790999999
6152,37.7271219,55.707329099999995
6153,49.12725851,55.77879389
6154,30.35428248,59.98742024
6155,37.86483184,55.68427736
6156,37.57394124,55.74471206
6157,37.434385299999995,55.84415609999999
6158,39.056308263738856,45.01335158485814
6159,30.33770643,60.05283115
6160,37.62061,55.78120054
6161,30.318797561127177,59.95541587483981
6162,61.332219087671405,55.18313574035437
6163,37.40612414,55.75808101
6164,37.78452755404831,55.80940485717186
6165,37.62314938,55.76099507
6166,37.592266994274866,55.91058706829469
6167,30.446332799999997,59.9119976
6168,37.540658864631915,55.74628585339739
6169,37.58735073770555,55.888122026637106
6170,37.53761147350266,55.74766398319254
6171,37.5657337,55.74490279999999
6172,37.866609661454305,55.74232476738238
6173,60.50445288,56.88369955
6174,37.40875706,55.74068399
6175,49.05695714,55.83137788
6176,37.86322307516071,55.69169799688237
6177,36.14582185,51.74144999
6178,30.30410801831246,59.91254451375466
6179,37.75132313394559,55.659736613932736
6180,37.517440432318764,55.631876092892966
6181,37.35886429,55.845487930000004
6182,30.316538399999992,59.881562800000005
6183,39.6291337465677,47.22906261433605
6184,37.66282568317288,55.846566274470035
6185,37.63784143,55.75364733
6186,37.44005308,55.83462842000001
6187,37.62890741,55.73468348
6188,37.59417649,55.77133976
6189,30.31760793,59.81904747
6190,37.579351727336885,55.79493603622664
6191,37.60729082,55.69090605
6192,52.372062728896104,55.72957854339276
6193,37.89062865,55.68740823
6194,37.75020168,55.65972075
6195,37.58096259,55.72529562
6196,30.877742321521715,59.54150987308196
6197,35.90908563728556,56.857111317301936
6198,37.55722906,55.76985589
6199,40.59252776,64.53027387
6201,37.57707607,55.682228980000005
6202,37.472581160881106,55.74116268722431
6203,30.31472639,59.85801270999999
6204,60.61356916996616,56.861461224555704
6205,37.82494437,55.82351776
6206,49.59733812,58.60139602000001
6207,37.6059185257359,55.75143784314366
6208,37.60741192514731,55.79716952424691
6209,37.49146868,55.79425654
6210,37.46160664,55.72564625
6211,30.29585995,59.99609801
6212,30.259186070447388,60.0088487125694
6213,37.59654863014521,55.637036983440204
6214,60.55222327770204,56.775842427984614
6215,37.645336114870936,55.734357465767175
6216,30.25279574,59.96973119
6217,30.354319462782403,59.98798348242599
6218,37.74517179,55.611908940000006
6219,37.72010075393824,55.61080101502246
6220,53.67174377772293,63.56546999390986
6221,37.58046747886939,55.807485398338486
6222,49.17531850432291,55.79660540578252
6223,37.61761861169546,55.900128939994396
6224,37.60383087780609,55.791212987573815
6225,37.658687401501396,55.756894137575856
6226,37.65272962532133,55.7414802747095
6227,30.353433899999995,59.92942869
6228,37.50954949285145,55.80828889270922
6229,37.620139166838854,55.64349798321555
6230,37.56205302,55.61097897
6231,43.95480886,56.33830493
6232,37.36334379164367,55.816530998228934
6233,37.63087146,55.74252662
6234,44.00029085876963,56.31425551099001
6235,37.96571026,55.79678152
6236,30.25467207027318,59.842101480123446
6237,37.880731226538394,55.66071720281272
6238,37.59845126,55.61597832
6239,37.52919149509651,55.639602330275444
6240,37.60991871,55.733191420000004
6241,37.720417600000005,55.774621999999994
6242,37.60645780741512,55.76349367884723
6243,37.84473026966994,55.76257489890156
6244,37.6033749,55.765607900000006
6245,37.564657740978745,55.76479408197917
6246,37.63769533,55.812878149999996
6247,37.59234756,55.79565077
6248,37.65635293974685,55.73769947338826
6249,37.39863666857372,55.91019526476155
6250,30.2302843,60.01580115
6251,37.8450891,55.65825601
6252,37.66440394,55.72478982
6253,37.60359339,55.92417873000001
6254,30.38008135535169,60.08972459115841
6255,35.14909957,55.79290737
6256,37.59142924,55.77192986000001
6257,37.538047531627235,55.747802202832055
6258,37.60497473,55.8844723
6259,30.29052537,59.9524816
6260,37.53276757248241,55.76594836772225
6261,37.58625881255929,55.9111305020939
6262,37.45360628,55.72699472000001
6263,37.6235891211113,55.75034704
6264,37.62109715,55.76680292
6265,37.62385111,55.75034704
6266,30.29762060232589,60.007118591676424
6267,37.622851411605694,55.769349314887315
6268,30.34073196,59.80669759
6269,30.298292425370636,60.003516435067034
6270,37.5770159655429,55.730663538703695
6271,37.44294738999999,55.85218811
6272,37.89857402,55.71185802
6273,37.59499557,55.682035600000006
6274,37.6411355,55.729512899999996
6275,37.58449161,55.58027586
6276,30.34552105,59.8331466
6277,37.528949048291395,55.69076146879154
6278,37.43821378789775,55.84867103077653
6279,37.43625741,55.85679965
6280,37.8602805294428,55.690894717920685
6281,37.135170403094826,55.97543741852117
6282,47.24621525583305,56.13064529936404
6283,37.77367629,55.908172719999996
6284,37.642523647032235,55.82024459461386
6285,37.6018098396741,55.74483083986777
6286,30.35471826299694,59.93656925999828
6287,37.75824104195912,55.71783189632083
6288,60.5333332502087,56.8656492406532
6289,37.41453964,55.805216810000005
6290,37.579261975133264,55.76766148861712
6291,37.6236362,55.76117032
6292,30.259504124232244,59.97207645818843
6293,56.27274255,57.97599274000001
6294,30.511906001284203,59.913714482480046
6295,30.27835392752218,59.94332100567439
6296,37.78177489,44.70962198
6297,37.656681559403566,55.74247292150603
6298,37.75464199,55.65742644
6299,36.18024575988845,51.7716197881642
6300,37.65039928,55.761837910000004
6301,37.53141582,55.74249095
6302,39.858258899999996,64.56114008
6303,37.18598925768791,55.96429784719676
6304,37.59416141,55.89677351000001
6305,37.49799214,55.82248188
6306,37.46316802,55.80828115
6307,37.613576290585456,55.756590221074774
6308,48.36011515657602,54.30679709728907
6309,37.80404527,55.91549205999999
6310,37.59392011411044,55.74997096542412
6311,37.608166499999996,55.6114003
6312,36.70446343,56.35058108
6313,40.4208842104636,56.14026476907539
6314,37.53459960000001,55.78325882
6315,37.664895949999995,55.69587007
6316,37.64621906,55.74531898
6317,37.62420014,55.70948317
6318,45.99362232,51.51276051
6319,37.6425313127197,55.72695341295761
6320,37.66506895,55.74118019
6321,60.55341695,56.78712359
6322,37.58402642771824,55.746860953589284
6323,37.53973704,55.81560143
6324,49.19652119,55.78510189
6325,37.36051057292808,55.8468291171213
6326,30.232313610760688,59.94977535702774
6327,56.068248499999996,54.77228929999999
6328,36.57225285,50.63490968
6329,20.4994989,54.716509400000014
6330,37.57974610454583,55.89821396075069
6331,37.594380408858456,55.77123732631412
6332,36.54613,50.5313
6333,40.20602312,43.67893403
6334,30.380172199999997,59.926345960000006
6335,37.76924361,55.73514351
6336,37.65775283416957,55.80985153006586
6337,37.62895234,55.74127663000001
6338,37.3512664524119,55.85292509057345
6339,37.66551697279049,55.695611435833264
6340,60.625210286713,56.83669444853038
6341,37.539446356565,55.749411042269415
6342,37.61846792,55.74172412
6343,39.1203442,45.0100529
6344,37.788455599060306,55.79930318557657
6345,83.09130803094725,54.86844351850773
6346,30.29287439,59.925961779999994
6347,37.74956994,55.80251848
6348,37.54355583,55.545724390000004
6349,37.544640197095,55.90930435772998
6350,30.332442600000007,59.826838
6351,30.285049363526976,59.94441223
6352,37.62128385588279,55.76404551368074
6353,30.331108399999998,59.92167123
6354,37.41418527450828,55.88702574010445
6355,30.163479043891215,59.80688465461592
6356,37.56863311054404,55.689486078747166
6357,37.65875604,55.75959702000001
6358,37.49983689999999,55.82016850000001
6359,37.62385111,55.75034704
6360,37.42137317,55.74640598
6361,82.95945102,55.04106159
6362,37.66460627,55.78533095
6363,37.65837823343583,55.75768508408495
6364,37.73409888576373,55.718492548498205
6365,37.53948989,55.79820251
6366,39.72655302191985,47.224445443195904
6367,30.24582904,59.98298272
6368,37.75007508178024,55.67577758914163
6369,37.63885813607925,55.83701155119077
6370,37.58858340883085,55.76726940181707
6371,37.53149483618295,55.790858613750466
6372,37.602116628175516,55.79264530338179
6373,37.53979789,55.69082484
6374,30.316299899999997,59.84965627
6375,37.79942943058296,55.716568771592286
6376,30.32043851352155,59.92440984889673
6377,37.897003121164246,55.412919420540554
6378,30.30984573,60.056808350000004
6379,34.3332713,53.2602035
6380,50.17551139,53.15176244
6381,60.66969573,56.86446564
6382,37.66110765,55.78018001
6383,37.68562172,55.73172743
6384,37.55707651,55.54800335000001
6385,37.71714160005126,55.61172255250157
6386,37.59267476166448,55.792563125314665
6387,37.759263617147795,55.74864225348004
6388,30.320925287791457,59.9289581668101
6389,37.578042549064506,55.731149693088774
6390,39.87370043054387,57.62611395616441
6391,37.65305153887212,55.7417226644535
6392,37.60512567101626,55.623031969906414
6393,37.605269703680804,55.864774757473484
6394,61.39462158440093,55.15788313771681
6395,37.58276872,55.75252866
6396,30.480845798780113,59.741231516077534
6397,30.472739899999993,59.93083512
6398,30.356597900000004,59.92060002
6399,37.56531391,55.74521274
6400,30.318249020000003,59.93655699
6401,37.62385111,55.75034704
6402,37.63715655,55.73219637
6403,37.647802263016196,55.77864513291756
6404,37.89037216,55.75398281
6405,37.66727225401163,55.77464312057733
6406,39.1583715,51.670703700000004
6407,37.40778428592429,55.756100051574
6408,65.5435528458798,57.14612695599519
6409,37.65056089,55.76978592
6410,37.515611563727695,55.68134854247738
6411,30.196626120340717,60.00504304870985
6412,37.59546152951116,55.767571608356135
6413,37.660130375241046,55.788671545146116
6414,37.57739995,55.74102504
6415,37.44300549589702,55.850196510916355
6416,37.47626692,55.85410729000001
6417,30.31653509,59.92461309
6418,37.61350416,55.76590548
6419,37.62385111,55.75034704
6420,30.324044989844968,60.03954725711105
6421,56.17969897,57.97643828999999
6422,30.359464856839036,59.94517598205772
6423,37.62357080802924,55.75034704000001
6424,37.50788581,55.65788813
6425,37.61324684661915,55.756552514720134
6426,37.51181834309526,55.66341799638478
6427,37.61178117,55.60932141
6428,87.28353016135985,53.782075806952044
6429,37.6701836,55.7697223
6430,37.84189182,55.74228717
6431,60.5231559,56.793219900000004
6432,37.38721088,55.82217884
6433,37.576091477319316,55.6898660770359
6434,37.61323258,55.787758499999995
6435,37.41185382575723,55.644108191575086
6436,37.47600778030255,55.85399976359759
6437,37.437369866252574,55.84817697368646
6438,37.49731631,55.824396300000004
6439,30.32248992,59.88222064
6440,39.18933982700647,51.66721276987437
6441,49.12624916,55.79327901999999
6442,30.251770808575937,59.91075169728281
6443,37.55965915,55.74880312
6444,37.594410792185315,55.75298179885244
6445,30.47046337,59.864217700000005
6446,37.596107070199984,55.743152362560735
6447,34.36057051513252,53.2641474965428
6448,48.28123350042974,54.267623279342665
6449,37.62058992,55.74148655
6450,55.958637,54.73623753
6451,30.321106538683978,59.86507028885277
6452,37.59121668,55.74520122
6453,37.76629888,55.80500846
6454,61.38730936,55.160889880000006
6455,55.92039154999999,54.732187380000006
6456,84.96144287,56.47883722000001
6457,37.24267055045908,55.786702652481985
6458,37.64205994415443,55.7643468406059
6459,33.731697926429284,53.533861985160186
6460,37.59749037799655,55.85029759896383
6462,39.874865980020964,57.59992582797781
6463,37.62385111,55.75034704
6464,37.67846961278973,55.77164372594575
6465,30.32804379,59.93347808
6466,39.7203684,47.25975952
6467,37.47014526086999,55.77533641825995
6468,37.38170572475088,55.76636257935679
6469,37.61520032,55.71989213
6470,37.63606355,55.75410318
6471,49.65473302000001,58.57838991999999
6472,37.54006640183377,55.747921083843615
6473,37.40066484,55.70854607
6474,30.361775552037397,59.933887762017804
6476,37.46330510000001,55.80965620000001
6477,37.53320217,55.683077299999994
6478,37.61596005,55.76595679
6479,37.62280695792352,55.7794831861809
6480,39.28413520447085,51.679749512841276
6481,38.93603890909596,47.205139532615796
